Name,SR_month,Omega_month,RisknessR_month
BSCK,0.13225119065564261,0.2221097294549024,46.22373123892932
BSCJ,0.02833007517934302,0.05314344779269284,16.183571753115963
