,Name,Weight
0,DevelopedEurope,0.8932506774324689
1,DevelopedMarket1,0.05337463108192017
2,DevelopedMarket2,0.05337462408617173
